piso,pend,tope,limite,costo_nuevo,costo_viejo,diferencia_metodo,diferencia_limite_boot,media_boot,std_boot,80_IC_inferior,95_IC_inferior,porcentaje_inferior_0,DOBLE_diferencia_limite_boot,DOBLE_80_IC_inferior,DOBLE_95_IC_inferior,DOBLE_media_boot,DOBLE_std_boot,DOBLE_porcentaje_inferior_0,MITAD_MAS_diferencia_limite_boot,MITAD_MAS_80_IC_inferior,MITAD_MAS_95_IC_inferior,MITAD_MAS_media_boot,MITAD_MAS_std_boot,MITAD_MAS_porcentaje_inferior_0
8000,100,60000,1500000,786000,686400,-99600,"[499100 544000 185300 204800 367500 -63600 720500 581600 469000 269900
 514300 487800 300900 572200 808100 560400 706400 273800 543800 156700
 504800 256500 820200 478200 424700 823000 652700 193600 600600 213800
 354300 590500 562900 166100 322800 429400  14800 373000 796500 371900
 401800 246700 222100 203500 326800 819700 237800 155700 334700 562800
 141300 360400 436700 448200 167400 419100 476700 359600 562700 678000
 178700 285000 631300 267500 652400  30200 509400  96600 -65500 284100
 544400 731100 218700 708800 574900 632500 688700 531400 634400 528300
 595100 652900  51900 -84800 610800 539800 646900 631900 400400 538900
  87100 546800  95300 201300 593800 608700 335100 313300 521300 526000]",422899.0,217513.7289896893,-80978.6,-83844.65,0.03,"[   8200  142500  125300  140300 -274300  -59400   37100 -176900  -10200
   10800  139800   91400 -161800   82400 -143200  -54500    8700 -271600
   -1500    -900 -165100 -105600  -64100  -34300   77000  -15400 -350600
  -60400  160100 -196900   -9400    4400   78100 -314600 -165000 -161000
  -96000  -29200 -119900 -114200    7700  212600 -148800 -148000   43800
 -197100 -231500  -30400  103700   42900 -107200  -29600   84100  184400
 -197800  -49500  -92600     200  -52000  132800   27400 -101400  -44900
 -153500   77200  -30200 -167300  -31100  -50200  -14900 -169500 -181900
    9700   -2500 -105900 -192300  160700   70000 -146800 -137300   81800
  204900  -61100 -284200 -124800    8300 -271300  -85500  114100 -137400
   73300 -224200 -210600  -37900  100000  -97600 -104300 -189900  -63700
 -112500]",-343472.0,-348818.0,-51295.0,123406.1419662733,0.66,"[277000 254800 425300 205400 325000 302100 262300 400400 356100 340600
 391600 219000 289200 233400 276000 355900 501100 272400 455800 324700
 121800 341300 395400 348100 226200 280900 260800 380100 286100 314300
 395400 330300 287500 278500 370300 201400 341400 397700 268400 510600
 309800 280000 192700 243100 285000 335200 389600 434800 329400 321700
 467400 146100 199100 208800 564900 242300 217800 344600 232100  66300
 321300 122300 317700 332000 218600 154100 290100 235300 177800 272800
 274300 191900 463300 259800 311800 297800 449700 429100 168000 315400
 137100 321400 239700 207800 369600 445900 267600 265700 362300 397300
 260200 431200 401300 229600 422500 423000 298800 294600 173800 386600]",77289.0,69047.25,305544.0,93511.1216059352,0.0
8000,100,75000,1500000,845200,686400,-158800,"[  77000  546200  409200  170600  104800   37300   69600  578800  294900
   86700  531300   31200 -139100  128800  275200  224700  243500  697800
  194200  227200  325700   93500  656100  117000  155300  406100 -139700
  607000  603700  285700    -900  533900  441500   35800  278800  310600
  464700  335800  199600  426100  251200  227600  -28000  588100  340100
  395000  404200  276200  272900  246500  446700  608500  133900  318200
  567500  116600  257200   38600  500300   41400  137900  665100  513500
  314600  406800  447700  183800  381800  285900   -9200  675400  651900
   59100  637900  352600  633200   73500  367800  100800  501200  530200
  102400  239100  695400  326200  281000  456200  726400  503500  363800
  430100  111800   52200  560000  558300  458400  739000 -301600  483700
  125400]",317517.0,221783.81052502457,-269543.8,-293585.95,0.06,"[-357000 -476400 -265000 -144200    8900 -531700  200700   -1600 -100400
 -208100 -267700 -241100 -219700 -280500  -49400  -90700 -153200 -464200
   27900 -262400 -214400 -348300 -221700 -169700 -335800   21200 -226500
 -205700 -290700  140400 -155300 -132800 -345900 -284200 -287800 -448000
 -111400 -246300 -176300 -231900 -233600 -303200   79500 -102300  -80200
 -170200 -132100 -238600 -155300 -226800 -200800 -214700 -299900 -111400
 -240400 -270400 -513100 -120900 -301600 -143500 -165200 -278900 -286700
  -10300  -89800 -307500 -154700  -23800 -393200 -412000 -324000 -191000
   20000  -95200 -116600 -496100 -261200   49000 -162600  -79400 -150700
   76900 -120500 -259800   -9000 -243700 -210400 -232700  -50800  -27600
 -216000 -186900 -179600 -535700 -405500 -196700 -184900 -556800 -152300
  140600]",-552622.2000000001,-555755.55,-196077.0,150556.85959463954,0.9,"[352200 273100 153100 108100 297800 253800 -14700 -57400 211700 238300
 451100 225900  64800 305700 244400 251800 476700 129500 -18600 219300
 380600 -27500 223500 155000  28400 128800 149600 248100 231700 240900
 263400 324100 199000 258800 243800 172300 156100 213500  81100 343700
 345000 270800 196900 353200 282500 207100 147600 300900 293000 145400
 221900 343800 482900 297500  91000 160400 167000  61000 117100  86600
 367000 129600 260400  32400 228100  65000 393500 315600 -18400 291000
 178500 398600 209500 163900  47900 403300 -29000 178100 403000 277800
 268500  76800 264200 272300 141200 143300 164900  68000 311300 229400
 184600  92500 246800 258700 183400 359100  22200 299100  71500 327900]",-51776.8,-55994.2,210346.0,118343.16238803153,0.06
8000,150,60000,1500000,941700,686400,-255300,"[ 116800  294000 -174650 -295000  497050  165300  539550  193350  139750
  121100  -51550  -18950  123850  -19950  126450   61500  108000  296100
  461350  446600  454650  -97700  463300  339550   40450  102100  522700
   82600  509800  329100  115550  -88400  229300  227050  170450   63350
   66550  558750  188400  234400  -11650   20400  356150  483750  452050
   19500  551850  174350  263800  210600  373500 -144350   64550  -16500
  154800  190300   27750  307300  302650  389800  159500 -114100 -113250
 -108000   12350  418800  269350  637800 -159900  699550   69050  161650
  513300   25400  330550 -115450 -248050  115800  249200  388050  414650
  511350  646650  602200 -226600  284500   37800  494150  -93300  431950
  269750  275450    9650  603450  156900  556350   24550  423450  116200
  550850]",210947.5,231837.9489400948,-285703.9,-292675.975,0.18,"[-496000 -104550 -575950 -300450 -312300 -285350 -290800 -347950 -349750
 -306750 -273800 -386150 -261650 -475000 -389050 -513400 -338150 -422250
 -418600 -312500 -313800 -354550 -360950 -380400 -612100 -329000 -370850
 -342350 -278500 -502050 -322050 -567550 -335450 -304450 -428700 -328250
 -212250 -386850 -379050 -507300 -454450 -476950 -359850 -348850 -222100
 -456150 -228800 -303750 -288100 -190050 -360800 -261450 -219250 -293950
 -213800 -373800 -459700 -445150 -562300 -329500 -404400 -285400 -277050
 -504750 -120050 -274850 -288800 -298600 -222900 -449150 -457950 -287450
 -314750 -282750 -433150 -114550 -408350 -401200 -446000 -518200 -448150
 -527750 -505950 -435100 -458650 -417950 -474350 -380700 -306450 -275600
 -214850 -273550 -354800 -388250 -330450 -311000 -497100 -342950  -83850
 -299150]",-604942.3,-610310.5750000001,-357425.0,105785.5161399707,1.0,"[ 129600  282300  -36900   15150  138600  116700  -34850  -28600   -7250
  -86400   49900  -11450   63650   14450 -101600   43400   65100   78600
   27550  146350   45250  240700  138000  118850   21600   32750   50300
   76900   57200   30050   91800   55550  118300  195850  150150  186900
  238850   35000  108650   19350   14800   54700   72800  177450  177850
  -24550  257000  123200   79600    7800   74350   27000   76000  233150
  129800  173800   82000   50450  141050   46250   52550  -50150  188750
  162250  192650   44200   73150  192550  207200  143300  147950  -26950
  140100  105150  155300  -27500  108850  269300  101200  130850  173800
   13050  322600  132400  205200   52950  121450  111100   44150  127600
  140700  219050  112200  209050  -15050  127400   14100  112300   26350
   94500]",-98590.40000000001,-100847.6,95064.0,83630.64602165883,0.12
8000,150,75000,1500000,1036000,686400,-349600,"[ 393200  537600   -1300  430150  199600   35600  -57000 -224450  136700
   15750  101000  198900  -44500   61800  282700  415550  122800   29350
  244300  289300  281050 -340200 -283600 -174450  479400  493350 -235050
   33950  -81400 -359900 -381300  425050 -449300 -351700  229600  -56750
  261500  422500  522250  193600  178050 -156000  218800  226200  178500
  115900  -47100  316500  -10950  526200 -420800 -373600  -64050  154550
  133000 -250350    5000 -218500 -210750  106200   12650  333100  255550
 -297250  581750  -52400 -242850  207350  184200  192550   90550  319700
  235150 -369350  228750  236450  408050 -153800   43050  211650 -132600
 -349600  186100  -74700  104950 -209850  332900  600350  -87500  320500
   89600 -101700 -365300  226300   23100 -241700  -98650  274350  422150
  140400]",76864.0,259825.83186434716,-443657.00000000006,-447889.25,0.37,"[-632800 -401950 -640950 -388000 -722550 -811550 -563850 -444000 -529100
 -731200 -622950 -312050 -621450 -599200 -577650 -583900 -579900 -530100
 -378350 -433350 -480150 -485650 -389850 -564650 -501250 -362550 -614700
 -526950 -489800 -591750 -416400 -596550 -420750 -521850 -547300 -542550
 -494150 -625850 -502350 -510500 -466950 -652850 -597500 -551350 -808500
 -508250 -542400 -552300 -660350 -552950 -475050 -731750 -622100 -365900
 -616100 -583000 -283550 -475700 -570550 -586850 -513700 -662900 -447950
 -547250 -453100 -529100 -405150 -591250 -515100 -621900 -271050 -492700
 -292550 -379500 -697250 -481450 -661700 -539850 -368600 -602850 -731450
 -432350 -535700 -477700 -511950 -583600 -469850 -612050 -706850 -864800
 -445200 -466050 -434500 -476500 -573500 -309600 -558400 -541200 -573250
 -507600]",-854256.5000000001,-862164.125,-533813.5,113638.09305312193,1.0,"[   3800   26000 -215700 -250000  -88550  -54450  -78950 -108250 -102000
   55300  198600   28450 -181300  -74400  -11200  -68550  -38900 -119900
 -124350   31150   74400 -100550  -95750  -90600  241550  -99300 -185000
 -196750 -278500   64300   67900 -314350   -6550  -87900   55050 -231050
   70850  -14050 -154400  -12400 -232450 -245900  -88250 -119700 -227000
 -146200  -84600  243200 -218200  -70050  164800 -212850 -118000 -197800
  -17700  -18150  -89550 -153750  -50850 -151750   24650  119600 -205350
  243800 -196400  -28350 -124950   -2150  -13150 -106300  162300 -148850
 -102800  -83450    6600 -155700 -168150  -92650 -277950   49150    3500
  -39350  -80850    6800  -30050  -57950 -228800 -141800 -103650  -95200
   34200  -25200  106000  -36500  144600  -99900 -159800 -201150  -47750
  122600]",-307251.7,-312575.425,-65314.0,119526.87753806672,0.74
8000,200,60000,1500000,1059000,686400,-372600,"[ 432600 -389400 -112800 -219200 -303200 -286200   59600   79800 -569400
  396000  -11400  -34200  211600 -369400 -278200  327600 -407800  124400
  -43600  246800  -66000  212600  183800  -57600 -138600  391800  253000
  133400 -423400  244200  348800   54200 -124000 -418000 -125400  318000
 -106800  179000  326400   71200  -58200   48200 -387000  253200  369800
 -160000  264000  291800   -7000  361800 -149000  281000 -252400  228600
  107200    3200  195800 -192000   70400  386200   34600  -65600  164600
  342000  102600  114800  278600   93400  346600  -48600  177800 -282600
    1400  276600 -468800 -285600  -22200  -41200 -456000 -129400  400200
  -20400   77200 -223000 -221800   49400  274400 -314200  -72800  454800
 -140200 -107200   69200 -240600 -125600 -343400   42600  366800 -138600
 -110600]",15750.0,246807.56289060513,-549481.2000000001,-564420.2999999999,0.48,"[-507400 -484200 -598800 -403400 -652200 -458600 -604200 -734200 -669800
 -802000 -760400 -736200 -657000 -564800 -530200 -492600 -677800 -654200
 -458600 -683200 -625600 -637600 -588800 -667200 -667400 -568800 -590800
 -739200 -467600 -535800 -711000 -665800 -651000 -516000 -505400 -595000
 -565400 -324000 -442000 -547800 -623600 -602800 -583600 -598000 -668200
 -386000 -752800 -483600 -530000 -597400 -609000 -444600 -503000 -691200
 -548400 -482400 -633800 -591800 -679200 -444200 -524600 -631000 -744200
 -586600 -664600 -441400 -433000 -626400 -711800 -726200 -357400 -640000
 -530200 -318000 -737800 -629200 -671800 -797000 -682600 -561400 -611800
 -611800 -731000 -753800 -684800 -779000 -624800 -571400 -848600 -688200
 -755200 -695800 -552000 -591000 -592200 -537600 -470000 -797600 -845800
 -483400]",-848045.6000000001,-848461.4,-604366.0,112917.70119870489,1.0,"[-169400 -106800  -62800  -69000 -167400 -161400  -72400   37800 -163200
 -207800 -101600 -283200  -71200  -58800 -187000 -226600   22600  -13800
 -120200  -33000  -85600 -305200 -186200   39400  -67400  -26000  -92600
  -93800  -73200  -94200 -140400 -257200  -74000  -76800  -85800 -265200
   -3000   23600 -238600   54400  -37000 -170400 -145400  -14400   -2800
 -154400  -96200 -256600  -53400 -174400  -77200  -36800  -79000  -55600
  -23600  -39800   85200  -67800 -101800 -102800 -203800 -148400 -151400
  -78200  -27000 -136800 -153400   86800   -1400  -42800  -60000  -51200
 -269800  -54000  -64000  -85600  -18200  -74600 -201600 -100600 -122400
 -200400 -167800  144400  -39600 -209200 -221800 -295800   18600  -99000
  -10000 -252400   41600 -178400  -97600   42800 -107200  -36800  -61800
  -14400]",-303338.80000000005,-304734.69999999995,-95704.0,90904.30784071787,0.89
8000,200,75000,1500000,1180200,686400,-493800,"[-356000 -379200   -7000 -342000 -398400  273600  461400 -601400 -139600
   19800   25800 -540600 -489400  330400  -57400  -93600 -163000 -681000
  294800  447000  232400  273800 -425800 -203200 -106800   61000 -416800
  -88000 -667200 -309800 -172000 -181000 -405800  184200 -374200 -127800
  -97400  286600 -317200 -194600  172000  373000 -121400 -396000  112200
 -745800  208000    2800 -121200 -284800  -20400 -118200 -616400  -39600
 -345000 -570200 -373800  207200 -509800   23600 -175000  470200   69800
 -282800  221200 -421600  249200 -413000 -257400 -594600  -95000 -282600
  -20200 -361000  362000 -317000 -696200  -16600  274800  155600  317800
 -534000 -434000 -491200 -273800  329400 -316200 -361000  172200 -502200
 -373000 -452200  140400 -562200 -396800  310200  308000 -692600 -184200
  240800]",-144940.0,315848.89361845166,-735979.2,-743344.8,0.67,"[ -969600  -958800  -952600  -921000  -970400 -1019600  -948000  -973600
  -833800  -938600 -1009200  -987600  -838400  -769800  -559800  -880600
  -997200  -777000  -843400  -849600  -924200  -920200  -648400  -871800
  -743400  -924200  -850000 -1058200  -714000  -953000  -811000  -828600
 -1042400  -929400  -846200  -898400  -860400  -880800  -952600  -875200
  -997000  -991200  -759200  -871800  -585200  -623400  -646600 -1096000
  -908000 -1056800  -826200  -782000 -1146400  -665200 -1090400  -933400
  -688800  -796000  -671400  -765200  -688800  -790800  -891000  -882000
  -593200  -926600  -800200  -924000  -762000  -908800 -1108200  -964800
  -716600  -799400  -801800  -503800  -947200  -527800  -798600  -720400
  -873600  -933800 -1049600  -999600  -760800  -815200  -711800  -939200
  -847000  -842000  -932200  -734800 -1018600  -827400  -692200  -976000
  -893600  -791200  -939000  -801000]",-1138836.4000000001,-1144509.0999999999,-858658.0,132049.27048643623,1.0,"[-255400 -268800 -277600 -241400 -466000 -319400 -234200 -213000 -337800
   -8800 -320800 -188600 -356600 -235800  -68400  -78400 -379200 -332200
 -409600 -229400 -255600 -223600 -132000 -220000 -325000 -253400 -188600
 -394200 -113800 -373800 -311600 -247400 -229400 -207200 -100600 -269600
 -296600 -437000 -451600 -277800 -166800  -72600 -412400 -330000  -43600
 -339800 -144800 -233600 -174000 -116000 -136800 -250000 -280600 -280800
 -300800 -243400 -191000  -70400 -463000  -81000 -445000 -326800 -317400
 -101800 -209600 -326800 -512000 -263000 -107800 -176800 -394400 -144400
 -306800 -364800 -283200 -371800  -34200 -378000 -132600 -194400 -368800
 -177400 -315000 -391800 -125400 -298600 -307200 -337000 -299200 -408800
 -325000 -133400 -344400 -388000 -180600 -185400 -181800 -177200 -258600
 -134200]",-502892.0,-509723.0,-255910.0,110266.3588770392,1.0
8000,250,60000,1500000,1129750,686400,-443350,"[-281750  196750   83750 -338500 -294000 -364250 -249000 -299000 -366000
  485750   12000 -142750 -336750  159750 -244500  170500  -16750 -415500
 -175750  398000  -66500   67750  130000 -499500  110500 -493500    9250
  178000  324250 -346750 -462500 -549250  292250  175250 -115500  329250
  -10750   79000   -5500  -56000   57000  247000   70250 -133500 -476750
 -444250  106750   -7000  -48500   72000   65750  249000 -183000  208500
 -196750 -323250   89000  304000 -307250  123500  353250 -159500  274750
  399250 -449500  -84500   10250 -447000 -269000 -340000  158250 -311500
  -10750 -364250   11250   96500  291250  214750  143750  -50750  338250
 -454750  156000 -160000  290250   20250 -428750 -286500 -452250 -336500
 -122500 -410750 -249000 -264750 -373000 -114000 -175250  463500  358250
 -250250]",-64410.0,266434.9323005525,-539399.5,-546787.375,0.56,"[-856500 -711250 -654000 -880250 -679000 -784000 -631000 -512500 -903500
 -669750 -838750 -772500 -914000 -718750 -683250 -714750 -642000 -831250
 -869500 -850500 -808250 -765250 -822500 -788750 -673750 -620750 -831250
 -809250 -774500 -720750 -647500 -812500 -743500 -867250 -827250 -771000
 -671750 -611000 -684250 -578000 -777750 -853500 -725250 -746500 -564000
 -726750 -889500 -797750 -733000 -644500 -523000 -743750 -803000 -654500
 -815750 -834000 -730000 -729250 -741500 -743250 -872250 -836500 -643000
 -693250 -662500 -712250 -684000 -596500 -782250 -654500 -660250 -778750
 -914250 -752250 -746500 -777250 -718750 -633500 -705250 -832500 -720500
 -915750 -773500 -766250 -837000 -860000 -691250 -694250 -722250 -813500
 -646500 -899750 -859250 -763250 -728500 -630500 -904750 -692500 -869000
 -754750]",-915453.0,-915675.75,-749217.5,91150.62160374991,1.0,"[-332250 -105250 -162000 -128000 -207000 -132750 -147250 -254500 -141250
 -233000 -178500 -163250 -154250 -249750 -108750 -130250 -164000 -136000
  -11500  -64000 -324750 -260250 -325500 -298000 -198500 -189250 -175750
 -204250  -99500 -232750 -110750 -208250 -281750 -211000 -216500 -173750
 -348500 -147000 -280250 -137250 -178500 -185500 -237500 -160500  -59000
 -220250  -68750 -258750 -242750 -183250 -172500 -356000  -79750 -275500
 -155250 -191500 -231000  -96500    2500 -332250 -130000 -379000 -198500
 -164500  -51750  -84750 -185000 -389500 -199000 -211750 -124250 -219750
 -199500  -45250  -11250 -203000 -154000 -258250 -104500 -340000 -196000
 -235500 -321000  -29750 -147500 -113250 -272750 -194500 -122250 -176750
 -202000 -316000 -240000 -341750 -218000 -100250 -337750  -98250 -228750
 -123750]",-387421.0,-388980.25,-189787.5,86393.65120626631,0.99
8000,250,75000,1500000,1297250,686400,-610850,"[ -211000  -489000  -712250    27250  -451000  -180750  -269500  -455250
    10500   -99000   216500  -662750  -779500  -953500  -601250  -230750
  -493000  -189750  -327750  -310750    -8250   -26500   432250  -444250
  -540250  -481000  -252000  -297250  -541500  -267500  -201000  -120250
   -81000  -818250   133750  -335250   105250  -674500   212750  -497250
   120250  -353500  -503250   384750  -724250  -912250   338000  -755500
  -519750  -795000  -197250  -371000  -524250  -138750  -818500  -240750
  -786250  -172750  -604000   310750   -59500  -257250  -101250    83250
  -680500  -523250  -333500  -138500  -759750  -283500  -129250  -114250
 -1049250  -807750   -93500  -773250  -548500  -795750   466500  -350500
    44250    39250  -825750  -713750   241750  -663750  -432250  -696000
  -418750  -647750   -19500  -299000  -678000  -433750  -699000  -528000
  -278750   225500  -156500   -72000]",-333887.5,343608.640707346,-1030291.5,-1044510.375,0.83,"[-1051250 -1039250 -1124500  -933000 -1118500  -939500 -1033000 -1111500
 -1083250 -1252250  -852000 -1186000 -1040500 -1281250 -1072750 -1008750
 -1191250 -1116000 -1142000 -1067750  -775250 -1046500 -1035000 -1054250
 -1105500 -1059000 -1371500 -1138750 -1192500  -904000  -852250 -1225000
 -1028250 -1178250 -1110750 -1018250 -1296500 -1002000 -1138000 -1283500
 -1250500 -1035000 -1107000 -1061750 -1129250  -919750  -919500 -1141250
 -1049000  -932750 -1238500 -1216250 -1195750 -1070000 -1146500 -1291250
 -1216500  -902000 -1268750 -1317000  -919250 -1171500 -1169000 -1294000
 -1110500  -970000 -1239750 -1031000 -1003000 -1088250 -1040750 -1063750
 -1085500 -1114000 -1089000 -1193000 -1047250 -1095500  -899500 -1057000
  -954000 -1117000 -1020000 -1094500  -967500 -1161000 -1027000 -1272000
 -1184000  -970500 -1292500 -1032250 -1037500 -1174750 -1052250 -1320000
 -1206500 -1121250 -1142250 -1069750]",-1361303.0,-1368950.75,-1097655.0,117540.04519737093,1.0,"[-618500 -488750 -445000 -456750 -457250 -638000 -532000 -401500 -428750
 -398000 -316000 -451750 -363750 -431750 -378000 -410250 -620500 -382000
 -421750 -517750 -142000 -348500 -285250 -399250 -493500 -449500 -464750
 -310500 -440000 -492250 -454500 -524000 -595000 -187750 -310250 -351750
 -589500 -436250 -283750 -393750 -306000 -400250 -431500 -490500 -421750
 -425750 -468750 -527250 -527000 -416000 -328750 -565500 -448250 -393000
 -530500 -425000 -425500 -533750 -549250 -448750 -528750 -221500 -262250
 -475500 -454250 -372750 -516500 -533250 -423250 -371250 -263000 -184750
 -530750 -603250 -419500 -250500 -583250 -478500 -169000 -637750 -487500
 -520250 -479750 -395750 -537000 -549500 -437000 -530000 -537750 -519750
 -451000 -483750 -368250 -344500 -351500 -434500 -446000 -525750 -440000
 -379500]",-637950.5,-637987.625,-436715.0,103660.35898548683,1.0
8000,300,60000,1500000,1168100,686400,-481700,"[-378200  349900 -301400 -212700  185100  -59900 -202500 -423300 -499800
  -39900  -87200 -266800 -456900  583700 -117500 -259500 -108900   -7900
 -450900 -520200 -431900 -609500 -463700  421900  237200 -320600  109900
 -315500 -533000  273200 -295400  -18100  -59800    2000 -460000  128000
 -270100 -219900 -675500  188700  -20500 -470600   68100  -76600  164400
  321100  260800 -191300 -166100 -407200 -431000 -109200  -64900  291300
  197400   95400 -224500  153800  -45000  -97400 -176200 -592400  120200
  -17800  269300  109200 -538000 -187200 -192400  215800  224900  405500
  385800  399800  -19400  202100 -330900 -534300 -119400 -122100  -29500
  340200 -444600   58900 -227200  -20500 -272000  288000 -669100  -74300
 -286800  -28000 -353400 -489600   22400  154400 -126700   -1900 -343700
 -705600]",-110454.0,290555.07960453903,-699640.2000000001,-704110.05,0.68,"[ -882500  -816200  -780300  -945500  -931300  -833400  -728200  -828500
  -863200  -891200  -853900  -771600  -833500  -805500  -968800  -789400
  -831900  -914800  -855200  -779000  -787600  -907100  -871100 -1041000
  -869500  -935800  -850000  -818600  -867500  -588500  -966700  -888300
  -783600  -841400  -772200  -846900  -952100  -929400  -736400  -895600
  -788100  -854800  -802000  -892000  -944000  -905500  -780000  -907600
  -737000  -820600  -725400 -1019900  -811000  -904100  -900600  -807500
  -711200  -843400  -746700  -696600  -851600  -832200  -846400  -845400
  -829900  -948700  -687000  -667700  -540300  -822900  -832400  -674400
  -710000  -878600  -855500  -771400  -738400  -879800  -719100  -900800
  -850000  -956300  -627600  -951000  -911600  -801000  -777100  -789200
  -700400  -736300  -957900  -773000  -952100  -814300  -983000  -669200
  -961200  -947300  -959900  -970200]",-1036822.2,-1039955.55,-835723.0,94347.97067769927,1.0,"[-255000 -280200 -333700 -149600 -378300 -233200 -174200 -134400 -267800
  -59400 -209100 -327800 -410100 -219900 -339000 -195200 -295400 -161300
 -383400 -328200 -289000 -220000 -379200 -182200 -154400 -127600 -342500
 -249100 -184600 -264500 -380200 -367700 -201700 -399800 -412900 -193900
 -139000 -378400 -224900 -286500 -289900 -235200 -322800 -247100 -150200
 -148800 -244200 -297500 -358700 -292800 -288900 -159400 -192300 -306000
 -329900 -195900 -374200 -227600 -327700 -298800 -412300 -367300 -319300
 -307100 -166300 -162400 -324000 -228600 -195200 -327800 -157600 -278100
 -279900 -285900 -189100 -284100 -182800 -362000 -224500 -288400 -219600
 -301100 -342300 -388500 -254600 -271000 -392900 -330300 -330800 -315800
 -317700 -251000 -277900 -104000 -321700 -157000 -346000 -361800 -102500
 -352500]",-412781.20000000007,-412870.3,-268829.0,82545.48115433092,1.0
8000,300,75000,1500000,1381500,686400,-695100,"[  -45000  -566100  -935700   -96700  -382100  -300200  -157800  -877100
      500   -18800  -203700   -12800  -206500  -560200  -581500  -869400
    39500  -299000  -706500  -428100  -459900  -168200  -775200  -942300
  -873200  -830700  -250200  -308800  -165500   -98700  -755000  -617700
  -359100  -778800  -426100  -613500   -82000  -650500  -459100  -314900
 -1197600  -625900  -555400  -121700  -949600  -476000  -491200  -658500
    25600  -690400 -1230500  -309000  -339400  -861200  -375500 -1048300
  -763600  -630900  -601300  -293400  -821100  -921200  -233600   -84800
  -216200  -438300  -292000  -119700  -720200  -285800    50200  -535200
  -857100   -90900  -447600    82300  -248800  -144900 -1139000  -338500
  -385200  -198700    81300  -577400  -543300   -54300    -6700  -229000
    44600    92600  -583600   135200   -80000  -332200  -228400  -179900
   195500  -592100  -563900  -644100]",-417824.0,328632.42813818605,-1223985.8,-1228871.45,0.9,"[-1554700 -1179600 -1162500 -1325800 -1321600 -1468500 -1118100 -1551400
 -1382500 -1401300 -1366800 -1038400 -1309700 -1481600 -1468600 -1254300
 -1246600 -1307600 -1400000 -1318100 -1324600 -1354800 -1239200 -1297200
 -1362200 -1383600 -1126000 -1186800 -1481000 -1393000 -1349700 -1087500
 -1343600 -1423200  -915500 -1072600 -1060500 -1306700 -1173400 -1344100
 -1336700 -1270000 -1171300 -1626800 -1301500 -1255300 -1220100 -1383800
 -1138700 -1215700 -1252400 -1365600 -1243000 -1396400 -1211800 -1148600
 -1141000 -1304300 -1379800 -1280700 -1390700 -1234300 -1290400 -1538200
 -1159600 -1067500 -1210500 -1329800 -1153800 -1216500 -1373200 -1260300
 -1384400 -1386600 -1269700 -1254500 -1068300 -1344400 -1249700 -1344700
 -1284400 -1227400 -1385700 -1338400 -1556200 -1369900 -1227900 -1276200
 -1431000 -1260800 -1543100 -1406100 -1555700 -1037700 -1106000 -1042700
 -1291500 -1270700 -1223000 -1403400]",-1612821.2000000002,-1623305.2999999998,-1292913.0,133585.87848646278,1.0,"[-651600 -849700 -361400 -447700 -425000 -641200 -465800 -527200 -582600
 -349700 -440600 -568900 -617200 -627000 -567600 -671900 -634900 -320200
 -674800 -652200 -751200 -503400 -539200 -570800 -581100 -517500 -387400
 -544500 -593000 -596100 -583300 -576500 -619600 -540200 -614300 -739600
 -632700 -718800 -463000 -600100 -515900 -597200 -574200 -440800 -672600
 -438800 -578100 -601800 -616800 -597200 -601900 -603600 -716800 -490700
 -593500 -554400 -621300 -651300 -786400 -570700 -657800 -584500 -551500
 -799900 -419900 -749000 -766100 -507700 -657800 -614200 -544400 -688100
 -623600 -676500 -452500 -700500 -665600 -705900 -445000 -598700 -649700
 -718300 -423900 -672000 -199700 -778700 -423100 -744700 -691200 -572600
 -485000 -521000 -506800 -688600 -569000 -823800 -702600 -387200 -395500
 -631200]",-844571.8,-848417.95,-585673.0,116939.95284332895,1.0
12000,100,60000,1500000,854000,686400,-167600,"[ 317300  502600  677700  253700  538000  109700  272300  563500   70400
   18300  658900  432400  -29600  228000   54300  373900 -163200  323100
  559900  480000  393700  495500  515700  525200  222300  131500   61300
  173900  376100  352800  535100   20300 -122300  420700  506100  649500
  103400   57600  217600  184600  369800  390100  304100 -121800  256200
  507400  219700  412500  503400  -33100  468900  378000  550000  501500
  598300  236800  267400  387100  664500  437100  465600  -71100  498400
    3000  470600  404100  386000  685000  493700  160100  286800  208800
  620400  525800  551500  675900   50400  124700  465100   81900  306000
  139700  336000  657100   25500  288700  410600  337100  217800  237900
  435800  239400  245000  225100  329900  478700  652600   21700  377900
  219500]",326284.0,208140.31792038755,-155101.80000000002,-161175.45,0.06,"[-325500 -128800 -239000 -231900 -107900 -189100  -95300 -303900 -352300
 -266000 -266400 -308400 -216400 -229000  -73200 -351900 -222000 -192800
 -265600 -158500 -186100 -142500  -20000 -300100 -268900 -303900 -211800
 -235300 -261900  -56100 -111200 -382900 -187100  -92700 -159300 -160400
 -220200  -59400 -299300 -204600 -120200  -33700 -288400    6500  -96400
 -296000 -427900 -171400  -70600 -144300 -276800 -118600 -263000 -396700
 -156200 -275800 -326700 -105900 -268100 -260600 -168700 -249200 -159000
 -246200 -146000 -190300 -247200 -179800  -37300   49100 -333900 -126100
 -137200 -173700  109200 -230200 -207600   -9900 -158600 -215900 -168800
 -243400 -359900 -212500 -245500 -132800 -430200 -127300  -68100  -86200
 -316300 -216900 -262100 -178000 -348100 -206700 -228800 -178300  -72100
 -213400]",-429744.60000000003,-430086.14999999997,-198323.0,101813.78870762054,0.97,"[ 67900 223500  58200 215900 372800 370400 219300 187200 239400 220500
 213600 219400 329600 342000 142300 224700 296400 270100 250700 238400
 227900 343000  88200 288900 164800 284300 268700 316700 277400 284900
 100800 244400 227100 323600 160700 250600 427400 125300 124900 207700
 145200 191600 168100 163900 142700 102500 234100 244300 274500 189700
 163700 242900 233500 212300 308800 205100 135400 199800 153900  57200
 207500 296500 131200 195700 177300 225200 139100 240100 322100 349400
 269100 213100  -2700 179300 174300 179800 151600 273200 237700 272800
 140300 146500 152300 346000 286600 296500 259500 368800 246500  93000
 262900 189400 137500 192400 333200 271500 283400 332800 190700 266000]",9160.2,265.0500000000002,222369.0,79245.81464657928,0.01
12000,100,75000,1500000,921200,686400,-234800,"[ 379700  270600  422000  363900  396000  205300  -18400  382500   38500
   25700   -2400  -75100  327400  516100  567600  -76700  499100  353800
   78600  163300  636000   43700  317800  574200  164900  255800  376000
  -64000  553300  511100  230600  487700 -196800  154000  321100  306300
  412200   91700  167300  -20600  551600  402300  434800  548000   25100
  271600   42300   75800  429000  569300  485600  380600  310000  521900
  174000  620400  369100 -212200  295700 -126600  -33800  417600  345300
  242600  -70100    2500  560600  110600  552000  554300  276500   91700
  165500  109500  434100  342500   94700  493300   13600  411400  143600
  430700   98700  106200  -21400  424400  477700   64000  573300   17700
 -269200  184500  293700   -9100  571000  421300 -262300  294400  531200
 -113300]",253796.0,228203.12308117084,-267833.80000000005,-268858.45,0.16,"[-323800 -469300 -142200 -225600 -329000 -284600 -580400 -337100 -283800
 -283300 -332400 -450000 -408900 -199400 -292300 -488900 -179100 -517300
 -320600 -398600 -326600  -66800 -192300 -632000 -311700 -571000 -375700
 -319900 -406000 -164000 -340000 -374000 -378900  -20200 -266100 -257400
 -421700 -379200 -392400 -389000 -310800 -401600 -241300 -472100 -302500
 -287600 -408200 -448200 -437800 -432400 -456200 -383100 -183900 -257600
 -392800 -492400 -134700 -263500 -208400 -443500 -263000 -467400 -306700
 -255100 -388500 -432300 -264800 -331600 -161900 -331200 -398600 -187900
 -585400 -391100 -246000 -291300 -283300 -309700  -87300 -192900 -375500
 -700600  -56800  -79500 -299600 -356700 -381900 -557300 -291400 -412400
 -138800 -373300 -227900 -415000 -354000 -334300 -444500 -435500 -306800
 -528800]",-687017.2000000001,-697204.3,-336367.0,126645.56293451421,1.0,"[ 177100  182200  164300   53900   90400  151600  -99700  233800   92900
  298900   56100  -59200  280700  140400   73200  231100   70100  161700
  143700   80000  124100  315400  158400 -151500   -7000  121800  -67700
  352700  167900   44800  176300   43500  219100  153700  233700  -11400
 -121400  181400  272700   80600  127500  145300   80900  323900  118600
  196200  418600  130700  187600  218200  203800  238600  101600   -6000
  162300  118900  -51200   29400   49500  166900  269300  181000  130200
  191400  191700   -6700  295900  162300  209300  193400   -4800  258700
  -38000    1300  137100   26000  153300   69600   57900  320700  206500
  179000  113100  187700  253400  281300  170100  -61000  240200  169800
  202400  106600  -39500  164200  206400  235300  111100  165400   60600
  151400]",-145540.2,-150010.05,136752.0,108077.15251615395,0.14
12000,150,60000,1500000,999150,686400,-312750,"[ -43950 -131850  151050  -85650  262500  272850  303600 -353700 -226350
  -52200  312600  112200   79500 -362550 -253050  624450  322050  468300
   59700  568500  166950  -87450 -238800 -311550  497550  495900 -190050
  277050  190350 -115500  517500  380850  233550  419700 -408150  282300
 -291300  -36750  494400 -202200  -33300    3750  236100 -166950  384900
 -116250  102900 -113400 -255600  367800  117000  496200 -226500  364950
 -212400  660750  386400  110850  195450 -175350  125250  -68550  522600
  241650  465900  228450  365400   68850  508200   59250   76950  351000
  140250  405450  203100  303900  326400   97200  442200  224400  249600
  -37350  293850 -367500    4200 -122400  374550  525300   54450  -69600
   73500  124800  -87150  228000  208050 -259950  275850  126600  235050
 -199950]",129474.0,260887.87826190775,-400101.30000000005,-406137.825,0.33,"[-520500 -592800 -552300 -648900 -509100 -437400 -454050 -546150 -676500
 -520950 -402450 -477000 -466800 -256200 -365550 -545400 -764550 -566400
 -516450 -490950 -606600 -438150 -482700 -474600 -390450 -421050 -591450
 -475200 -573000 -591150 -530400 -530700 -407100 -387600 -417750 -511950
 -612000 -452550 -526950 -456150 -591150 -481950 -458400 -361800 -532200
 -368700 -557100 -617100 -571950 -576300 -541050 -589650 -574200 -565500
 -543450 -625500 -597150 -529800 -503400 -564150 -533100 -490500 -628500
 -527250 -459000 -474150 -371700 -392550 -417600 -515550 -341250 -310200
 -513600 -375600 -418500 -497550 -546000 -541200 -507600 -483450 -460200
 -710550 -614850 -409650 -649650 -717750 -528600 -307650 -529950 -491100
 -322050 -498150 -557100 -573600 -379800 -311700 -538650 -533550 -343500
 -388350]",-755283.6000000001,-762233.4,-501496.5,95917.47553365862,1.0,"[ -84000   91500  163050 -142650   70650   63750  -29550   54000   53700
  216750  128700  127200   31050  -96150  232500  -83400  117000  -87600
   49650  159300   84000  -31050   -9750   34950  -34350   76800 -106650
   -6300  -14850 -128700 -166050   94050  -57450  -16350 -118650   11100
  -58200   54150  -28200  198600   33750  -82800   16500  201900   93900
  -59550   84900  -12000   27000   85200  -55050    -600   65550   98850
  -14250  178800 -111000  -18150  -38250  -18450  -52650   74700   47400
  -14550 -153750  -68850   24750    7800   62400   43350   81000  -74250
  -69450  -73800    6900  -52050  -31050  -68850   61500 -123000  -90300
  -18150  -54600  -61050    2250  -37650  -90750  111300   62400  -53550
   34050  -82950  -21450  -13200  -77400   49500  -63150  185400  -90150
   75450]",-163614.6,-165441.15,6823.5,87638.35332062098,0.53
12000,150,75000,1500000,1102350,686400,-415950,"[ 160950 -504750 -119400  129750 -102900 -371550 -225300  312300  364800
 -409350   20250 -231750  161250   -6450 -356250  553500  -82200 -143550
 -417900  229800  186750  230100  358350  320100  352050 -280200  -12750
   22800  -54600 -149100 -372000  533250  129450  347700  234450  -60150
   11250   -5700 -162600   59250 -363000 -455700   52500  127500  454050
  361350  205800  442200  -54900  151050  -62550 -387750 -171900   38850
  -66000  -36900 -350250 -510000  210000 -384300 -272850 -320100 -146250
 -312450 -244050  -11550  -29850 -248700 -156150  280800 -449250  -52950
  -34350  162000 -162300  222750  365100 -462000 -215850  140550   48750
   36150  -59400 -157050 -341850 -413550 -198000  220350  -77850  -86100
  612450  127650  372750 -216900 -422400  425700 -125400  474000 -103500
 -186000]",-21679.5,272720.4657790647,-508960.5,-509740.125,0.58,"[ -739350  -600900  -841050  -557850  -496200  -623550  -791700  -567000
  -849750  -800100  -837150  -507750  -525300  -757200  -686400  -604800
  -916050  -769350 -1017750  -607800  -468900  -995550  -548250  -752100
  -556050 -1006050  -720750  -830850  -756750  -630300  -660450  -600750
  -868800  -953550  -768750  -360450  -730650 -1009350  -550800  -951450
  -683250  -797550  -754950  -688650  -779400  -600150  -482250  -555600
  -563400  -604800  -676650  -540750 -1002000  -706650  -695400  -814800
  -707700  -343350  -742800  -639000  -674250  -485850  -641700  -517200
  -776400  -527400  -742350  -859350  -497550  -746700  -917250  -618150
  -675750 -1010100  -562050  -781200  -791850  -470250  -742200  -587550
  -962250  -698100  -962550  -574800  -839400  -598800  -858750  -747600
  -545100  -842850  -499050  -591450  -417300  -561900  -750000  -696000
  -892800  -751050  -652200  -800250]",-1016235.3,-1017371.325,-700639.5,155573.02373724693,1.0,"[  44250 -148500 -243150 -267300 -344100 -229650 -137400 -188100 -275550
 -233700 -142800 -322200 -159000 -207450 -182400 -123300  -28350  138900
  -85350 -276900  -53400 -278250   55650 -229800 -109200 -110700 -152700
 -152250 -218100 -166800 -315750 -260400 -310350 -283500    3450 -126900
 -234000  -30300 -245100  -79050 -134700  132600 -241950  -72150  -40950
 -318450  -57000 -190950 -185550 -305700    5700  -85950 -316800  -37500
    9150 -160650  -44250 -272700 -164700 -167100 -128700 -140250 -255750
 -149850  -45900  -97350 -237900 -169050 -176850 -203550  -67050 -117900
 -139800 -198150   36150 -112200   -5550   11400  -61950  -86550 -275700
  136050 -360000 -103950  -71550  -93000 -227850 -112050 -114000  -46200
 -219000 -131850 -317550  -96150 -483900    5850  -53400 -121050 -208500
  -52050]",-459367.80000000005,-477766.95,-146517.0,114357.71688434498,0.89
12000,200,60000,1500000,1107600,686400,-421200,"[ 494400  -28800 -424800  306800  260600   20800  -52800   64600  341800
   69400  340000 -136400  305200 -119400  -20800   72000  134000  -39800
  -21400 -342600   80400  192200  -77000  308800 -414600 -127600   25400
  348600  349000 -627200 -188600  426200  217400   49600 -320600  191600
   94800 -272600  279600  353200  -62800  263400  122200  343600   96800
 -420200  190200 -245600  252800   -7400   76000 -413600  326400 -119000
 -258000  107600 -318400 -151000  422800 -321600 -391400 -138000 -296600
 -243200  304800  -14600 -213200 -232200  242400  293600  233800  160400
  149000  222600   49600   19600    -800  182600 -467600 -370800 -289000
  290000  410800 -180400  246200  317800 -121400   79400 -313800 -406000
 -340800  175800  -50800  -30400 -241400    9200  -29800 -277400  269200
  331600]",13344.0,256252.84088961824,-595599.2000000001,-619299.7999999999,0.47,"[-704000 -774600 -536600 -858200 -652600 -666000 -775400 -479200 -428400
 -741600 -750800 -713600 -746600 -752600 -688800 -766200 -745600 -562200
 -748200 -650400 -879800 -650400 -835600 -661800 -725000 -420800 -697200
 -523000 -719600 -705400 -614400 -919600 -722000 -621800 -735200 -619800
 -584200 -631000 -690600 -886400 -771000 -755400 -560000 -534400 -593200
 -582800 -693600 -821800 -666800 -748400 -790200 -731800 -684400 -763000
 -799400 -766600 -682600 -649600 -714600 -648600 -729200 -671800 -666000
 -732200 -722800 -811800 -537400 -611800 -776400 -788400 -762600 -863800
 -792000 -692200 -797400 -750000 -671600 -754200 -805600 -668400 -663600
 -777400 -588200 -652600 -840400 -685400 -690400 -645600 -693600 -800200
 -756000 -619800 -843800 -560200 -691200 -758200 -787000 -630000 -806600
 -830000]",-913026.4000000001,-917956.6000000001,-704692.0,96294.2217165703,1.0,"[-132200 -171600 -331800 -344000 -200800 -215000 -169600 -246800 -108000
 -204000 -164000 -235400 -303000 -181600 -367000  -75800 -261000 -168000
 -127000 -107800 -200000  -71000 -214200   22800 -177400  -71400 -167400
  -88800 -206200 -147800  -96400   23600 -240200 -146800 -261000 -118800
  -18200 -105600 -152600 -197000  -55800 -108000  -10200 -180400 -202800
  -22200   31400 -284000 -220400 -173000 -122200  -80000 -213200 -267400
 -127400 -171800 -154400 -159800 -121800 -182400 -186200 -230200 -167800
 -161600 -119000 -125000 -145200  -42600  -78800 -159800 -122600 -207400
 -298600 -144800 -282000 -183800 -172000 -161000   -7200  -75800 -241600
  -15400  -62400 -149200 -199000 -125600 -217400 -220000 -210600 -156400
 -292600 -138800 -137000 -190000 -257400 -239000  -52600 -211600 -213000
 -217800]",-362446.0,-365861.5,-161934.0,80953.6709729707,0.97
12000,200,75000,1500000,1236200,686400,-549800,"[ -85000 -461400 -493600  182200 -198600  -84200 -135400   34600 -114400
   34000 -103400  113600 -268000  219400 -655200  249600 -331800  329600
  218600 -153800  387200  288800 -767200  -51800   14800  309200 -568400
   78800  -55400   72400 -180200 -706800 -599000 -388400 -749800 -385200
 -149000 -162600   11800 -437000 -270200 -740600  -13000 -604800  -16800
 -263800  223800 -653600  -89600 -257000  190200 -557800 -180200  283600
  190400 -372200 -201800 -142800 -228200  -12800 -305400 -441200 -774000
 -296000 -346400   36400 -136200  253400 -560000 -350000  213000 -576400
  113000 -698200 -557200 -599800  -73200 -415600  253800 -675600 -228400
 -622200 -502000 -470600   84600   17400 -415200 -585200 -524800  -49600
 -199000  341600 -711600   30800 -256800 -329600   65800 -397200 -776000
  137000]",-207848.0,315999.84192401107,-775604.0,-775901.0,0.7,"[-1012000 -1034000  -780000  -930600 -1044800  -755800  -841200 -1183000
  -736600 -1102200 -1117400 -1024200  -966200 -1072600  -884000 -1210200
  -856400  -808600  -999200 -1107800  -870600 -1308000  -788200 -1091400
  -650600 -1144600  -841000 -1020600 -1121000 -1041200 -1058000  -992000
  -799200  -905800 -1114400 -1011800  -842200 -1002600  -704400 -1111400
 -1041800 -1034200 -1127600 -1181000  -981000  -802400  -926600  -939600
  -912600 -1026600  -817200  -926000  -823400 -1089200  -779000  -973400
 -1004200 -1340000 -1085200 -1065600 -1048000  -961600  -899600  -976200
  -869000  -954600 -1030800 -1019000 -1090600  -917400 -1150000  -818200
 -1098000  -920400 -1211400 -1015400 -1108800  -727200 -1063400  -891800
  -901200  -979200  -924400  -948200  -675000  -874600 -1146400 -1052800
 -1103000 -1082200 -1097400  -977800  -959600  -789000  -941000  -995400
  -815800 -1108400  -942800 -1077000]",-1333664.0,-1338416.0,-979250.0,135176.90446226383,1.0,"[-397000 -272000 -258800 -572400 -362400 -571000 -412800 -568600 -384000
 -399800 -307800 -591400 -408000 -212800 -379600   28400 -458200 -349600
 -196800 -392600 -408000 -360200 -450200 -312200 -411000 -504800 -383600
 -390800 -288000 -234000 -297200 -334600 -445800 -387800 -413400 -250600
 -399200 -417000 -415800 -423400 -325800 -352200 -341800 -437800 -450000
 -234800 -257600 -279000 -438200 -219200 -385000 -220200 -389800 -444000
 -329200 -358400 -268800 -673400 -477000 -501800 -518400 -131000 -418400
 -441400 -260400 -367400 -296800 -240600 -441200 -289000 -317800 -428400
 -204000 -488000 -446200 -294000 -362600 -156800 -487600 -473400 -318200
 -379000 -430200 -525400 -304000 -363600 -337400 -464600 -200200 -238200
 -409000 -278200 -416600 -308200 -404800 -241000 -225600 -329800 -347600
 -371800]",-657164.0,-669341.0,-363356.0,107887.3545138632,0.99
12000,250,60000,1500000,1160750,686400,-474350,"[  93250  233750  245500  167500 -301500 -312750  213000 -411250  238500
  357500 -407750 -177250 -313500  158750    -500 -278250  196000    2250
   73000  339250  177500 -303500  232000  247750  131000 -496750 -457000
 -148250  362000  399250 -180750 -335250   25000  129000   40500  182500
 -194750 -582250   37000 -410250  170250  205250  -35250  -11250 -245750
  448000 -574750  212000   97000 -487750  159750  -81250  263250   42250
  -90750 -437750  295000 -320500 -169500 -321000  149500 -410750  125750
   32750  -16750 -430750 -214250  -94250 -179500  -85500  -13750  253250
   57500  -39000 -315000  -13000 -277000   57000 -235000 -217750 -198250
 -344250   81500 -340000   47000 -299500 -267000  271750  225250  -31500
  345000 -551250 -354250   23000   56250 -310000 -259750 -507000 -586500
 -431750]",-72102.5,265272.5935123152,-585658.5,-586289.625,0.55,"[-857250 -912000 -671500 -687750 -836750 -699750 -798750 -774500 -922250
 -744000 -790500 -929500 -850000 -773500 -742000 -870250 -839750 -811500
 -843000 -835000 -783750 -853750 -633500 -845000 -838000 -829250 -756750
 -645250 -786000 -807000 -738000 -800500 -846500 -850250 -787750 -888000
 -787750 -828750 -833250 -921750 -775500 -858500 -870250 -870500 -790000
 -707000 -870750 -776750 -672000 -852750 -850000 -742500 -759000 -685750
 -870750 -957500 -972000 -942000 -798750 -711500 -904500 -822500 -889750
 -744750 -917500 -798750 -900500 -890750 -770750 -824750 -961750 -906000
 -800000 -789500 -853750 -826750 -864000 -752500 -712250 -748500 -810250
 -832250 -779250 -860500 -814750 -779750 -788000 -684000 -788000 -851250
 -960750 -903750 -899500 -932000 -675000 -939000 -855750 -805250 -790500
 -863250]",-969970.5,-971492.625,-818762.5,75181.74957228648,1.0,"[-189750 -204250 -220250 -248750 -308000 -319750 -352250 -221500 -227250
 -233750 -121250 -345750 -122250 -203750 -346000 -302000 -239500 -191000
 -142000 -191250 -290750 -285000  -89750 -230500 -263250 -207000 -245000
 -128250 -250250 -327750 -322250 -325000 -250000 -125750 -311000 -300750
 -209500 -212750 -230250 -241750 -281500 -334250 -265000 -313000 -105250
 -187500 -146250 -189000 -199750 -240000 -264750 -386750 -337750 -269000
 -100750 -227500 -182500 -191250 -307000 -202250 -229000 -191000 -255750
 -149250 -243000 -225250 -236000 -226000 -157250  -37500 -156500 -271250
 -198000 -147750 -265500 -261000 -253500 -242500 -109750 -204750 -145250
 -212500 -296250 -198500 -287500 -343750  -64500 -432000 -231750 -129250
 -186750 -346750 -242500 -241250 -283750 -272000 -273750 -118250  -23500
 -284500]",-423040.5,-429760.125,-229825.0,75870.86479670572,1.0
12000,250,75000,1500000,1348500,686400,-662100,"[ -281500  -698500  -408250  -618500  -500500  -815750  -489500  -675750
  -154750  -621000  -269000  -606750  -610750  -542000  -176750  -902250
  -265000  -482750  -892750  -658500  -567250  -180000  -549500  -829250
  -751000  -760500  -411500  -266750  -255000  -494750    84250  -590750
  -487000  -412750  -556500  -637000  -805000    47750   287500  -248500
    22500    55500  -179500  -228500    85500  -855500   -32500   285750
   -64000    35500  -313750   -56750  -847250   -14250   221500  -439000
  -604250   -74250  -690000  -578000 -1041000   392750  -595750    -3000
  -675500   -48750  -194750  -489000  -905000   146000  -207500  -129000
  -139250  -845250  -490750  -402000  -258250  -853250  -543250  -417000
  -561500  -752750  -285250  -678500  -365000   -87500  -507250  -196000
 -1016500  -730500  -903500   -60250  -931000   276500  -466000  -327750
  -541000  -640500 -1008000    37000]",-407700.0,336665.29001368704,-1036149.0,-1039787.25,0.87,"[-1213250 -1312750 -1092000 -1163000 -1213750 -1312000 -1174250 -1225000
  -899500 -1129000 -1158500 -1224750 -1202000 -1185000 -1059000 -1194750
 -1009250 -1032500 -1166000 -1446750 -1258000 -1101250 -1026000 -1327250
 -1303250 -1335000 -1415500 -1099000 -1216750 -1300500 -1372000 -1249500
 -1220750 -1169250 -1252750 -1401250 -1024500 -1381750  -904250 -1076250
 -1278000 -1048250 -1195000 -1236000 -1206500 -1160000 -1200000 -1300250
 -1146250 -1351000 -1277000 -1114500 -1233250 -1145500 -1127500 -1119000
 -1205000 -1131500 -1188000 -1113000 -1093500 -1361500  -983250 -1373500
  -982250 -1167500 -1318000 -1198500 -1021000 -1353000 -1122000 -1222250
 -1275500 -1230750 -1197500 -1113750 -1253250 -1253000 -1070500 -1280750
 -1015000 -1309250 -1246750 -1189250 -1353000 -1238500 -1160750 -1321500
 -1169250 -1476000 -1144750 -1179250 -1396500 -1205750 -1301750 -1227500
  -958250 -1456250 -1239500 -1159500]",-1472089.5,-1475022.375,-1202427.5,119210.43523429483,1.0,"[-408750 -413500 -436500 -579250 -608750 -746000 -456000 -689750 -605000
 -370250 -402000 -445500 -586750 -577750 -407500 -326500 -409750 -503500
 -662250 -705000 -361000 -363500 -500250 -579250 -557000 -545000 -245750
 -492750 -559000 -477750 -501250 -527250 -523000 -574250 -543500 -505250
 -459250 -504750 -644250 -503000 -433000 -497000 -581250 -518750 -621250
 -304750 -621500 -668000 -638500 -480250 -549250 -596750 -527500 -625250
 -512500 -621500 -342500 -576250 -648250 -574000 -509250 -508250 -510000
 -459250 -481000 -498500 -496000 -571500 -420750 -684750 -538750 -625750
 -475000 -559750 -564750 -516750 -469500 -446500 -519250 -578500 -445000
 -425750 -586500 -526250 -636250 -611250 -477000 -302250 -464750 -465500
 -513000 -787000 -460500 -513750 -478500 -515000 -422500 -465500 -547000
 -625500]",-778882.0,-784970.5,-519477.5,96387.51277395843,1.0
12000,300,60000,1500000,1191000,686400,-504600,"[ 211200   27600   18300 -494400  117300 -320400 -179400 -160800 -500100
 -179400 -246600 -633900   99600  396900  121500   34500 -531900 -560100
 -428700  -56700  -67500 -459600 -486000 -183600  120900 -732000 -285000
   61500   51300 -388200 -572100  -32400 -379500 -475200  -69000  207600
 -102600 -300600 -107100  -92100   99600  215100 -419100 -671400 -588000
  361800    4800 -493800   94800  151500  188400 -136800  347400  227100
  108900    5700 -248700  -41700 -427200 -239100 -538500   96900  -98400
 -187800 -228600  394500   -4200 -343500  137100 -474000  233100 -491400
 -376500   59100   33900  129600  -47400 -351900 -653700  239400  -13800
 -172500   20400   -7800 -432600  112200  -45000  -14100 -126900  375600
  255000 -248400 -717000  192600  339300 -236700  159300 -242100 -415800
  -33000]",-127410.0,285503.8278202238,-729030.0,-731257.5,0.62,"[-1015800  -704700  -885900  -944100  -870900  -874500  -742800  -928500
  -942600  -974700  -882000 -1005900  -866100  -935100  -669600  -894300
 -1003500  -853500  -872100  -870000  -852300  -833700  -807000  -851400
  -813000  -867000  -841500  -828300  -928200  -873000  -823200 -1080600
  -785400  -861000  -915000  -866100 -1008300  -893400  -867600  -853500
  -990900  -975300  -962100  -844200  -832200 -1048800  -890400  -811800
  -849300  -871800  -830700  -842100 -1000800  -834000  -810300  -881100
  -928500  -801300  -888000  -863400  -967800  -824100  -884100  -894300
  -682500  -971400  -808200  -905400  -927600  -913800  -929400  -900000
  -924900  -830400  -831600  -983100  -897600  -872100  -766200  -757500
  -809700  -944100  -959700  -889800  -979800  -823800  -978300  -875700
 -1047300  -969600  -823200  -936600  -885900  -911100 -1017300  -960300
  -932700  -884700  -921900  -878700]",-1074303.6,-1079025.9000000001,-888453.0,76162.36663208411,1.0,"[-236400 -230700 -332700 -126900 -316500 -426000 -285600 -258900 -356100
 -266400 -299400 -259500 -393300 -225600 -248700 -296700 -261300 -330000
 -194700 -430200 -387000 -342600 -323100 -311400 -209400 -209700 -333900
 -271200 -341100 -283200 -329100 -292200 -179400 -386400 -193200 -177600
 -220200 -281100 -269100 -440100 -262500 -318900 -297900 -432000 -405600
 -234900 -241800 -332700 -260100 -299400 -179100 -236400 -343200 -392100
 -330900 -268500 -345900 -253800 -158700 -327600 -319200 -378000 -324900
 -217800 -358800 -330000 -211500 -258300 -232800 -265200 -316500 -296100
 -260400 -318600 -315000 -266100 -262500 -348600 -370200 -282000 -290400
 -366900 -232500 -308700 -129600 -139200 -293100 -277800 -241500 -234900
 -105900 -347400 -246600 -352200  -66900 -270900 -173100 -187200 -212100
 -224400]",-438496.2,-439699.05,-281124.0,73510.9054766706,1.0
12000,300,75000,1500000,1416900,686400,-730500,"[    3600  -252000  -764400    69600  -687300  -278400  -641400  -133800
  -537900   -10800  -871200  -672000  -274200  -432900 -1009800  -755400
  -442200  -829800    35700  -969600  -617100  -580500  -327300   -54300
  -165300  -450600  -372000  -237300   -48300  -654900  -267000  -714900
  -665100  -534300  -464700   -63300    26700  -573000  -243900  -465300
  -525600  -301500  -196800  -546000  -525300    17400  -904500  -493500
  -851700 -1075200   162900  -573300  -389400  -888000 -1064400  -243300
 -1011600  -127200  -105000  -428700   121800   -32400 -1088400  -508200
  -117300  -730200  -580200   -24300  -137400   107100  -783900  -686400
  -628800  -443400  -600300  -661500  -665100  -474600  -741000  -480900
  -237000  -198000    63600  -430800  -350400  -689400   -54900  -678000
  -180000  -342900  -159300  -206400 -1023600  -257700   175500  -396600
  -946800  -614700    65700   -30000]",-426444.0,324525.78582294506,-1085786.4000000001,-1087746.6,0.89,"[-1372800 -1437600 -1405200 -1289100 -1153200 -1224000 -1349700 -1418100
 -1210500 -1233900 -1398300 -1307700 -1361700 -1013100 -1341900 -1482900
 -1386000 -1414800 -1137600 -1368300 -1380300 -1323900 -1348800 -1326300
 -1112100 -1054800 -1174500 -1374600 -1221600 -1332900 -1364400 -1525200
 -1590900 -1287900 -1526100 -1583400 -1439700 -1386900 -1294200 -1581000
 -1200900 -1188300 -1274400 -1471200 -1692300 -1287000 -1387800 -1466400
 -1327800 -1416900 -1430100 -1457700 -1234500 -1365300 -1484400 -1211700
 -1383000 -1464300 -1314900 -1259700 -1513200 -1560900 -1332300 -1387500
 -1289700 -1369500 -1401900 -1324800 -1380000 -1310700 -1354200 -1303500
 -1092300 -1362600 -1563600 -1317300 -1364100 -1320600  -990600 -1293300
 -1210800 -1381500 -1583700 -1378800 -1288800 -1291200 -1187700 -1433400
 -1300200 -1177200 -1362900 -1434000 -1257000 -1440600 -1350300 -1080300
 -1421700 -1346100 -1565700 -1453500]",-1672222.8,-1687280.7,-1346325.0,129306.81681566521,1.0,"[-604200 -574500 -590700 -869100 -746400 -692400 -690900 -780000 -530100
 -644700 -441300 -403200 -638400 -645300 -607200 -661200 -757800 -505200
 -533700 -631200 -538500 -768300 -531300 -489900 -645600 -807000 -554400
 -671400 -502800 -604500 -649200 -780300 -665100 -447900 -622200 -663900
 -628200 -693900 -721500 -752100 -397200 -629700 -645300 -525900 -641100
 -595800 -505500 -657600 -654600 -440400 -719100 -724200 -607500 -564600
 -619800 -808500 -321600 -557400 -714900 -598800 -506400 -654000 -583500
 -719100 -382500 -514500 -655200 -478200 -749400 -582300 -747600 -680100
 -767400 -663000 -764400 -572700 -630300 -532500 -709500 -675000 -471300
 -681600 -683100 -572400 -720000 -619800 -620400 -554700 -562200 -604800
 -543900 -535500 -737400 -522000 -552000 -763500 -622200 -556200 -533700
 -623100]",-857101.2000000001,-866100.3,-618624.0,103016.90455454386,1.0
16000,100,60000,1500000,922000,686400,-235600,"[ 518700   77500   35800  356000  120000  105600  429300  243600 -141300
    1700  -61700  373900  -87400  -26600  -86000  135400  436500  -72900
   -7900  191400  610200    8400  300400  423800  604000  515700  302900
  580500  489700  216700   98200  260800  192600  489800  141200  114100
  605600  247200  296600  414900  405800  323500  363500  388200  107900
   25900  305400  297300  164300 -106500  137500  143400  259900  606600
  261400  319800   95800   62000  661500  -95400  502400  563400  406800
  329900  468700  501200 -206700  216200  670600  516300  338700  270200
  -17500  280600  345700  185000  191800 -147200   46100  484600  463300
  102200  -75800  135200  259300  102400  395700   83900   37100  155100
  185700  -25500  102200  507300  275800  642900  -42600 -108600  451800
  363900]",241408.0,217338.00435266722,-194919.00000000003,-203754.75,0.16,"[-328300 -204700 -326500 -446800 -214400 -386300 -506200 -336800 -180100
  -98400 -355700 -251200 -348100 -285600 -324000 -340600 -273000 -260000
 -413300 -277100 -424700 -394100 -433200 -357300 -104100 -265500 -312600
 -199100 -335300 -445400 -296200 -445800 -310300 -268400 -323800 -291600
 -238700 -436300 -413700 -322900 -410900 -399200 -393300 -325900 -450600
 -243000 -343800 -197900 -351700 -401400 -126200 -346500 -225800 -288800
 -420800 -439300 -331500 -320100 -281600 -364900 -418000 -469700 -507000
 -270000 -359400 -392300 -444500 -423500 -340500 -233700 -429900 -319100
 -425100 -323400 -342800 -291100 -255600 -315300 -355500 -276400 -438300
 -302900 -325800 -415000 -354400 -296300 -449200 -214100 -456700 -381100
 -287000 -405200 -257900 -353800 -370600 -433600 -218200 -389000 -434600
 -133000]",-506841.6,-506960.4,-335488.0,87235.05061613709,1.0,"[190100 189500 145300  53000 124200 231600  64400  52200  61500 238100
  49500 144900 129700  53400 175200 113400  65600 181100 122700 216800
  30900  32100 167800 105100 230600  56800 147000 153700 154800  -5200
  66400 248600  62400  53000  49500  30400  50100  93000 112900  36600
 200500 106700  81900  97100 -47200 218100  99000  58700  39700 131800
 272900 114600 194800 134600  68400  99600 130800 145000 210600  99000
 206800 304300 174800 107800 135600 112600 128600 134700  45000  95000
  94000  96700 190000  53500 146800  65400  26400  32600  74800 158100
  52300 217500   3900  83200 170300  15500  78600 232400 142300  96900
 120400  91600  22400  20400 161900  99400 140700 117700  76800  41000]",-38884.0,-45121.0,113040.0,67517.55031101173,0.02
16000,100,75000,1500000,996500,686400,-310100,"[-414700 -321100   99000 -204400 -222400  173400  -15500  497600  340600
  249900  -29700   48400  542000  104300  295400 -144100  222200 -288300
  553100  272400 -250500  161500  519300  371100 -224800  108100  340100
  -13200  -96800  346200 -147200 -252800   -7100  156500  344300  332600
  227100  222900   98500   76300   59200  -51900   37400 -116900   38300
 -192300  403100   72300   61400  251700  543800  160500  -27200  416800
  319400  248600  374800   -5000  415400 -244000  137800  -68000  474800
  254400  346700  303300  -45700  174200  -11100  150700  410800  425100
 -110100   21000  333000  126800  105200  371000  -70600  -57900   44900
 -232500  322000   74800  465300  304200 -414700  422000   -4400   -3000
   60500   93300 -352700  314600 -243400  259400  218300 -106400  480400
 -252600]",115570.0,240404.16739316314,-414700.0,-414700.0,0.35,"[-648600 -539100 -317700 -362000 -620500 -430200 -439700 -596100 -552000
 -334000 -453600 -562100 -758100 -583900 -225600 -249000 -681700 -497800
 -510000 -418900 -647500 -463900 -336400 -697900 -227900 -413500 -600200
 -415400 -595500 -525700 -381200 -462500 -527000 -445800 -692100 -383300
 -303900 -769100 -408800 -327300 -705600 -546300 -493900 -528300 -495300
 -396300 -466300 -373000 -595500 -695100 -530600 -515500 -615900 -626700
 -486900 -703800 -454500 -506700 -455500 -608500 -654800 -177700 -541300
 -496700 -464800 -471500 -492200 -465400 -473300 -425500 -616600 -297600
 -341300 -635300 -499800 -581700 -697600 -437300 -534500 -374500 -341400
 -416600 -574000 -403000 -545400 -262100 -639300 -659300 -458300 -543100
 -416600 -550000 -348200 -382300 -293600 -501800 -488000 -412700 -495000
 -441800]",-766922.0000000001,-768555.5,-490576.0,125301.55475491914,1.0,"[ 130600  282700  -14800 -227200  120300  -18000  -25500  150000   50100
  104900   71300  118900   23100  -98600  -33200  130000 -200700   45900
   -8400   72600  -61000  -72500  100200  137500  177500 -103000 -155000
   29300   79000   76300   35400 -156200   86000  -54400  -31600  -12100
   63600   53400    8300 -140800  115100  -54800   99900  -34000  -34900
  188200  -37100   87700   30800 -119900  -97500 -129600   83200  -18500
 -151900  -22000  -65100  -70500 -122100 -101700  -19500 -256400   12300
 -157600   87300  -54000 -172200  132300  -86700   84400 -114100  -87700
   51200  197500   19800   -3800  -29800  -95800 -166100   12100  -42800
   22000   51100   20900 -215600   -1000  164900 -139000 -104100 -139400
  181600 -139500  -53000  -17800  104000  -45600   55200   16200   87400
  188700]",-250618.40000000002,-254954.6,-3734.0,107826.31702882187,0.53
16000,150,60000,1500000,1055150,686400,-368750,"[ 287500  256250  218650  220750  201050  237250   35200   23400  468000
  -96250 -329600 -246750  211550  -11850   27850   35100 -351750 -245350
  357200  -26500  456900 -366600   54000  245750 -221000  -66250  223600
 -422250   18900  424400  489000   -5900 -180050  -41600  281150 -204000
 -447500 -125000  202900  384300  -36700  299250  -35800 -208100 -417550
  118550 -406000 -330950  243900  264450  390500  144300  364450 -155950
  -50150 -368950   83350  337150  -61700  297650  336850   41850  415650
  107800 -121200  138400  165250 -318750 -243750  217000   92550  229200
  -19450  -12700  121300  148750   36100  -77050  270150 -338000  -81150
 -286400  275200  419800  447150   36250  -97450 -199350 -342800  207450
 -256900  415800  166800  379850  187750    8650 -342800  415000 -142050
  220550]",50654.5,251772.57993028153,-442500.5,-446250.125,0.42,"[-693350 -592100 -609400 -555800 -619700 -511500 -570400 -493300 -689550
 -623500 -740600 -588400 -558000 -493150 -599600 -755900 -616500 -631250
 -653700 -529700 -680700 -602950 -573100 -626150 -623300 -663500 -656400
 -621600 -681500 -687200 -635200 -637650 -567650 -568850 -483850 -648600
 -586950 -607700 -587450 -494450 -504000 -563250 -691100 -458600 -631550
 -678050 -743900 -486000 -495050 -614000 -594500 -564800 -683900 -611850
 -462600 -602750 -859200 -642050 -659300 -702350 -522900 -627550 -527750
 -779450 -710850 -544550 -596050 -575050 -639750 -514700 -718950 -530250
 -595250 -671050 -811850 -592750 -655150 -619600 -460250 -651800 -713850
 -640300 -662300 -603950 -566300 -615250 -604450 -584050 -612050 -595700
 -798350 -716900 -732100 -607300 -466500 -368100 -494800 -521400 -638000
 -738500]",-849824.7000000001,-856856.1749999999,-612346.0,84770.04650228759,1.0,"[ -90250 -132400 -100850   13150 -242800 -121900  -84650  -24000  -53850
 -114050  -82500  -50850 -133300   -8400   43800  -56050  -79350 -143450
 -133200 -210050  -61500 -181950 -115750  -68950    9750  -22300 -136850
 -167000 -145850  -31300   16100 -119000  -48100  -75450 -149850 -150050
  -79100 -165650 -114550   45400 -110150 -172100  -68200  -84450  -54100
 -110050  -24000  -15300   -5150  -88500 -147900   39200  -76800  -60500
 -153700 -251900   11900 -124650  -60650 -124950  103500 -103150  -31450
  -82050   31200   78150 -100050 -181400 -139450 -195300   72100 -233800
 -117050 -178650  -47450  -73900  -89800  -55800  -92700  -95250  -88650
 -103900   55850  -34250  -51600 -140100 -106950 -102100 -122000    9900
  -39800   16950  -69150 -218900   63850  -16650  -27950  -81200  -86600
  -18300]",-250098.2,-251449.55000000002,-79427.0,72909.94425316754,0.85
16000,150,75000,1500000,1166350,686400,-479950,"[-574450  -26250 -606400 -445150 -132300  -71750  197750 -380450 -216600
 -120950  345350   40350  -42750  221900  288450 -170450  -70150   93400
   -9650  157800  289000    1200  262850 -647000 -379350 -190500 -379800
  -12300   86250  271000  289000 -406450 -518500  139600 -364650 -244750
 -555950  150150 -165200 -247800  220050  131150  253650 -354250   15200
  425600  -71750   22050  158250  121250  132400  313850 -524200 -160350
  325900   73750 -566250  111000  -65950 -196600  -23100  276100 -111750
 -181450 -167800  -71250 -432450  233300 -135600  346150 -694250  178250
  233600 -154900  -98600 -191900 -285550  227400 -595650 -352600  225800
 -216300 -242350  269250   -9750 -394950  219400  335700  274450 -109300
   -5150  292900 -282400 -543050  -75700 -204000  163400 -542450  -34100
  -96250]",-67576.5,279334.2790864558,-684894.5,-691911.125,0.59,"[ -649350  -743100  -779000  -898100  -859650  -952200  -675600  -826650
  -813100  -907950  -874300  -870900 -1009400  -961950  -848750  -857750
  -908650  -746650  -592150  -860150 -1047200  -813050  -993900  -667950
  -852750  -848050  -793700  -625600  -698450  -632450  -917000  -736050
 -1043400  -676050  -898500  -938850  -913900  -914900  -657600  -909200
  -742450  -749550  -936300  -622100  -591100  -953050  -781450  -723450
 -1010000  -889550 -1166200  -764850  -800100 -1034800  -950500  -993850
 -1048550  -853500  -844250  -943250  -854600  -886950  -733250  -982650
  -856450  -991650  -838200  -614400  -797300  -765950  -927350  -870750
  -730150  -932300  -858150  -912100  -868400  -809250  -840100  -807350
  -663100 -1046350 -1096350  -680650  -814850  -791350  -871500  -811900
  -942500  -955950  -710900  -887800  -836450  -823000  -748500  -897850
 -1029350  -876700  -998100  -855650]",-1152369.7,-1162742.425,-848288.5,120340.82138970966,1.0,"[-188100 -248200 -214450 -235000 -414700 -157000 -185100 -323650 -269300
  -58250 -181100 -441150 -198200 -236400 -300050 -227500 -290850 -125500
 -242100 -262850 -308950 -440450 -254900 -405000 -317000  -50900 -222300
 -231900 -126000 -501200 -400600 -282000 -339600  -84200 -330050 -349500
 -289550 -362200 -226750 -384800     300 -343900 -143250 -245750 -366500
 -227850 -441500 -301150 -237200 -117700 -289450 -233050 -216400 -162250
 -253200 -221200 -216500 -161800 -251550 -171400 -432100 -154950 -359500
 -297650 -164700 -370850 -286350  -86050  -92300 -169800 -274100 -115900
 -388650 -351000 -225900 -270600 -382200 -157950 -142200 -161650 -236300
 -194000 -420200 -210500 -142650 -278900 -203950  -74900 -459700 -177200
 -123800 -471750 -164550 -399650 -384750 -101450 -246350  -50600 -171150
 -249300]",-495368.9,-499742.225,-249546.5,108179.94020496591,0.99
16000,200,60000,1500000,1147000,686400,-460600,"[ 325800 -230200 -124000  247200  221800    7000 -391200  116600  -60800
  314200 -182800  -15800  247400 -337600 -244800  403800   86200 -396400
 -109400  218200  460600  230000   89600 -472200 -267800 -135000  250600
 -366600 -401800   57400 -277600 -208000  136000 -347200   -5400 -250200
   36600  322000 -505000 -119000  396400 -396600 -236200 -102800 -467200
 -289000  309200  254600 -177000   27600 -522200 -219200  353000  -56400
 -269000  -30600 -285400 -533600 -325800 -304800   74600 -223200 -456000
  101800 -285000 -260200  305200  -77800  286400 -133600 -154800  380200
 -346000  -18400  306200 -238600  101600  213200  312200  -12800  188000
  -61400 -392200 -227200   78600 -211800 -111400  287800 -321400 -217200
 -512600  124200   47400 -505200  268200  236200 -525600  141200 -285400
 -316400]",-69940.0,268771.5141156146,-532016.0,-533204.0,0.6,"[ -869000  -854400  -809000  -846600  -749200  -792600  -920800  -801600
  -732800  -589800  -793600  -763800  -808200  -838600  -752000  -811400
  -793800  -790800  -793000  -795000  -725000  -865400  -831400  -901600
  -931800  -838600  -844600  -866200  -825600  -768400 -1010000  -904000
  -641000  -929800  -860000  -853000  -765400  -868600  -793400  -779800
  -723800  -845600  -744600  -776000  -773000  -837000  -955800  -824000
  -740600  -736800  -850400  -803000  -696800  -674400  -825400  -781200
  -749600  -711800  -961400  -811000  -814800  -642800  -793400  -793600
 -1035000  -615800  -906000  -673000  -883400  -822800  -769800  -881400
  -819200  -770400  -733200  -935600  -979400  -919200  -724400  -786000
  -783000  -799200  -753800  -761800  -892400  -795800  -787600 -1009600
  -800600  -557800  -786800  -882800  -957800  -830400  -872800  -669000
  -924400  -853400  -856600  -681600]",-1030050.0,-1033762.5,-810882.0,88259.2956917287,1.0,"[-233400 -110000 -188400 -323400  -28200 -286600 -253000 -174000 -150200
 -175800 -297600 -222800 -210400 -265600 -219200 -200200 -212800 -318600
 -194800 -308200 -185400 -225400 -285000 -166200 -141400 -256600 -177800
 -260000 -261600 -190600 -269000 -184800 -165200 -181200  -69000 -255800
 -200600 -233600 -288600 -268600 -256000 -213000 -220400 -308800 -172600
 -379800 -326600 -194200 -129600 -270000 -339200 -221400 -177800 -235400
 -150200 -205200 -268000 -253800 -291400 -140000 -224600 -273400 -229800
 -297400 -254400 -295400  -72600 -209800 -283000 -245000 -122800 -156800
 -175800 -278600 -230400 -332200 -167200 -265600 -191600 -288400 -264200
 -223800  -95200 -196600 -173800 -162200 -193200 -343200 -288400 -103000
 -160200 -187600 -294600 -216200 -167800 -297400 -138000 -343000 -290400
 -139400]",-372553.20000000007,-377988.30000000005,-222660.0,67317.46578711946,1.0
16000,200,75000,1500000,1292200,686400,-605800,"[-478000  124600 -745000  -66800    9000 -482200 -709200 -763600   -2800
 -487400 -533800  -26200 -305400 -402600 -476600 -581000  -78000 -530600
   11400 -614800 -277000 -304600 -426400 -431200 -766600  202200  244400
 -193600  -50800 -157600 -301600 -561000 -557800 -226800  121400 -181800
 -164000  -21800   22600 -705800 -692400 -476000  -44600   32000    1000
  128600 -345400   72600  169400 -465600 -265800 -474800   12200 -307200
 -521400 -532800   17000 -184200 -403000  182400 -689400 -266600 -508200
 -539400 -526400 -434800   17400 -160800 -253200 -365600 -133000 -419000
 -755400 -471000 -517400 -179200 -185200 -577000 -137600 -383800    7400
 -383800 -814400 -176200 -362600  146000   76800   51200 -562600 -589400
 -344800  130400 -330200 -360400 -502800 -185800 -183000   11200 -212600
  -66000]",-281120.0,267385.41321470775,-804935.6000000001,-812033.8999999999,0.78,"[ -908400 -1044600 -1081600 -1290400 -1151600  -880200 -1161800 -1174400
 -1144600 -1113800 -1074200 -1157000 -1371200  -946000 -1174000  -877800
 -1099000 -1026400 -1138800 -1213000 -1260000 -1020600 -1139000 -1028000
  -975600  -979000 -1015000 -1129600 -1222200  -690400 -1208600 -1226400
 -1127000  -882600 -1068200  -933200  -866800  -995200 -1287400 -1363200
  -873400 -1089000 -1086800 -1015600 -1055800  -803000 -1201600  -973000
 -1176200 -1109800  -861200 -1132200 -1082800 -1241800 -1075400 -1154600
 -1051800  -932000 -1056600 -1067000 -1087600 -1170800 -1143000 -1030200
 -1254200 -1025400 -1021800  -968000 -1142800 -1110000 -1022800 -1136600
 -1174600 -1194800  -990800 -1060000 -1085200 -1092200 -1063000 -1085000
 -1161200 -1210800  -941600  -778800 -1166600  -930400  -965200  -951600
  -931600 -1056600 -1038800 -1182400 -1034600 -1203200 -1170200  -896200
 -1004600 -1166400 -1130000 -1080400]",-1369616.0000000002,-1370804.0,-1073464.0,123024.94017068247,1.0,"[-629200 -569800 -247600 -160600 -374200 -422200 -552000 -238600 -432200
 -409600 -451800 -387000 -553400 -417200 -530200 -393600 -482200 -364800
 -438600 -511200 -427000 -391400 -455400 -511000 -493200 -476200 -460800
 -450000 -472200 -233400 -483600 -381000 -575000 -432800 -402400 -361200
 -511800 -494200 -414000 -617200 -392400 -496600 -483400 -522200 -487800
 -479800 -437400 -644400 -556800 -284600 -593600 -509000 -428200 -459000
 -326600 -471800 -318800 -399000 -466000 -371600 -320200 -210000 -339400
 -389200 -425400 -488600 -515400 -593000 -234200 -468600 -502200 -360600
 -499800 -547400 -418400 -356400 -524400 -417000 -549800 -434400 -567400
 -418400 -341000 -497000 -548000 -582200 -302600 -475600 -606000 -355000
 -477200 -457800 -483000 -458200 -479400 -553600 -605200 -575400 -408400
 -530000]",-641390.4,-643647.6,-450546.0,97006.16003120627,1.0
16000,250,60000,1500000,1188750,686400,-502350,"[-223750 -496500 -560000   71750  -64000 -447750 -471000  -60000 -258750
 -516750 -648250 -473750 -424000 -381500  267000  158500  142250  -74000
 -536000  241750   26000 -560500 -513500  296000  -72250   93750 -271750
 -641500 -240500 -580250  201250 -526750 -175250  110750  283500 -296000
 -176000   -4000 -645500 -484000  -17000 -376500  -85500 -765500 -538250
 -636250  -96250  -71750 -240750 -199750 -274250 -217000  322750  -20000
 -358750  160750  323250 -188500  108250 -479500 -264000 -414500 -150750
 -366000 -489000   28000 -611000 -398500  222000 -251000 -160250 -474250
  -50500 -185500  -10000   51250    3500 -453000 -464750 -361500 -205750
  210250   -3750   -1000 -542500 -438750 -606000  313750  267750  -35500
 -470750  155500 -274750   82750 -145000  167250 -385250 -198000 -297250
 -503000]",-202915.0,281400.0959932317,-742284.5,-759696.125,0.75,"[ -905250  -817500  -865000  -656500  -921250  -894750  -875250  -791000
 -1004250 -1005750  -791250  -852250  -877500  -989250  -907250  -985500
  -859250  -812750  -833250  -799500  -883750  -844250  -844250  -943000
  -837000  -879000  -779000  -857750  -833250  -835500  -710000  -914000
  -930250  -794000  -803500  -850000  -968750  -717750  -821500 -1045500
  -782500  -912000 -1014500  -877250  -882250  -865250  -757750  -899000
  -943750  -848500  -856750  -924750  -707000  -965250  -922750  -829250
  -863500  -854250  -749000  -804000  -962500  -909500  -983250  -812750
  -920500  -930500  -843500  -886750  -954500  -912750  -854500  -722500
  -894500  -750500  -879000  -955000  -921750  -999250  -804000  -875000
  -889500  -905750  -883250  -961250 -1002250  -865000  -858500  -847250
  -927750  -956250  -993250  -952500 -1005750  -759000  -787250  -919000
  -862500  -933250  -869500  -922750]",-1039362.0,-1043965.5,-876695.0,77060.19222010805,1.0,"[-338250 -261000 -341000 -240500 -247250 -142000 -286000 -230000 -318250
 -379500 -298000 -277500 -183250 -236250 -259000 -179250 -228250 -259250
 -269250 -321250 -143000 -238000 -169750 -227250 -343500 -358000 -405500
 -312000 -270000 -370250 -295750 -346250 -149500 -272500 -230000 -286250
 -354250 -315250 -280000 -228500 -314250 -247000 -404250 -183750 -305750
 -274500 -262250 -315500 -190000 -368750 -113250 -213250 -162500 -385500
 -330250 -399750 -194500 -282250 -213500 -360750 -239250 -350250 -156250
 -331750 -164250 -317500 -226500 -256250 -382500 -357250 -324500 -262750
 -321000 -287000 -290250 -196500 -319500 -430000 -307500 -280000 -307750
 -292750 -270500 -355500 -259750 -232000 -275500 -278500 -366500 -228000
 -358000 -195750 -243750 -301750 -313500 -327500 -321750 -384750 -430000
 -206250]",-430000.0,-430000.0,-281625.0,69682.02332739772,1.0
16000,250,75000,1500000,1395500,686400,-709100,"[   17500  -470250  -313000     8000   112000  -477000  -894750    96250
  -875250  -974750  -965500  -319750  -295500  -325250  -741000  -151000
  -857250  -419750  -319500    -5250  -966750 -1004750  -238750  -325750
    42000 -1011250  -545750  -438250  -587750  -375250  -959250  -321250
  -150250  -351000  -919000  -436750  -647000  -205250    25750    39750
  -174500   -28750  -239750   -39250   -96750  -455500   156500  -548500
  -667000  -194000  -784250  -927750  -402500  -229750  -325750  -614250
  -657500   -85750  -109250  -474500  -792500  -375500 -1091750    65250
  -342750  -718500   -76500  -369250  -831750  -193500 -1073250  -956000
    56750  -663250   156250  -105000  -611000  -414250  -125000    43500
  -701500    56750  -350000  -341000  -286000 -1055250  -339000   132250
  -610250    62500  -387750  -819750    93750  -379500  -362750  -153500
  -169750  -536500   -93000  -355250]",-394597.5,341549.4380302067,-1088087.0,-1090834.25,0.84,"[-1248500 -1329250  -927250 -1150500 -1180750 -1216250 -1494750 -1433250
 -1248500 -1197250 -1332250 -1159750 -1339000 -1296250 -1341250 -1426750
 -1301500 -1047500 -1296750 -1392750 -1632000 -1302000 -1259250 -1304500
 -1484250 -1226000 -1345000 -1159000 -1147250 -1318000 -1206000 -1442000
 -1281250 -1417750 -1295000 -1271750 -1068250 -1193000 -1318750 -1263000
 -1288250 -1076250 -1284750 -1311250 -1397250 -1295750 -1038750 -1178500
 -1389000 -1072750 -1325750 -1503000 -1135750 -1295000 -1409250 -1294000
 -1158250 -1236250 -1498000 -1454250 -1080750 -1272500 -1363750 -1364000
 -1386750 -1292750 -1081250 -1199750 -1183250 -1182500 -1316000 -1407000
 -1311500 -1400750 -1387750 -1342500 -1302250 -1241250 -1441750 -1218250
 -1450000 -1271000 -1402500 -1393000 -1158000 -1300750 -1360750 -1265250
 -1304000  -983500 -1399250 -1370250 -1382250 -1240250 -1050750 -1392750
 -1262500 -1099500 -1348750 -1227500]",-1606458.0,-1625614.5,-1283747.5,124249.39886675509,1.0,"[-740000 -698500 -689500 -255750 -717750 -650500 -621500 -658000 -533500
 -679500 -608750 -503500 -465750 -659750 -703500 -770500 -553000 -649750
 -478000 -736000 -641750 -694500 -650750 -816250 -802500 -464250 -638500
 -600500 -677750 -514250 -551750 -646250 -511250 -539000 -434000 -481000
 -703750 -565250 -685750 -598250 -717750 -722750 -499250 -724500 -622750
 -662750 -631750 -668500 -588000 -490250 -632000 -567000 -723250 -534500
 -379500 -604500 -579750 -749500 -458000 -607250 -656000 -641250 -552500
 -552000 -585000 -663750 -581500 -642500 -630500 -675000 -651750 -480500
 -597250 -565750 -573250 -516250 -602750 -619000 -665500 -592750 -700000
 -547500 -597750 -389500 -602000 -673000 -651500 -527250 -513500 -649500
 -673500 -611500 -512750 -588250 -498000 -382000 -620250 -498750 -659250
 -588750]",-813527.5,-815569.375,-602830.0,95664.67399202278,1.0
16000,300,60000,1500000,1211000,686400,-524600,"[ 145100   41700 -374700  -80400  254700  -91600  240200  258900 -557300
 -450400 -320300  146800  227900   99600 -644500  126800 -749300  -58500
 -248700 -512500   11100 -334800 -580500 -299300 -466400  119000  203700
 -287500  189600 -136500 -556800  200000  241100  257800  186900  317500
 -560400  142200  301600  326300 -372700 -293600 -313500  271000  331900
 -201100  -85200 -533200  261200   51700  -91100  242100   40000 -505400
  -75500 -173100 -481100 -146800   37600  281100 -580100  -99400  232900
    7900  275300 -264700 -517300 -623300 -379900 -252100 -319500  -11700
 -355600 -156000 -191400  -57800 -447600  379000 -519900  -31000   64200
 -680500  155900 -197800 -430300 -604300 -530400 -442900    2900  153700
  142100 -570000 -472500 -465600  125800  -73800 -178800  280200  192800
  175500]",-122936.0,307514.0606606469,-735677.6,-745894.4,0.58,"[ -875200  -931200 -1013500  -879600  -911300  -907200 -1040300  -943700
  -930800  -971500  -880500  -827000  -940600  -874900  -860500  -852100
 -1057000  -975700  -991400 -1060400 -1032100  -992600  -957000  -876300
  -960400  -896800  -952900  -923100  -842600  -999800  -915900  -876200
  -963500  -989200  -928900  -924800  -989200  -875000  -888400  -876700
  -946800  -976600  -830500 -1026800  -909800  -911300  -913600  -899600
  -945000  -881900  -905700  -893000  -820900  -947900  -818200  -806800
  -825800  -933100  -860600  -903300  -893800  -866400  -930400  -920400
  -980600  -825600  -910500  -913600  -712700  -991700 -1052500  -927400
  -943000  -965500  -834700 -1049400 -1021500 -1034500  -899100  -931100
 -1009300  -911700 -1001700  -782100  -946500  -979700 -1079200  -912000
  -892600  -931100 -1042100 -1020300 -1038700  -880700  -845700  -882400
  -918700  -875800  -868200  -961600]",-1075477.6,-1078269.4,-927275.0,68731.59153547951,1.0,"[-428900 -292100 -349200 -231400 -330600 -246300 -335200 -253600 -388500
 -371000 -254100 -257800 -311500 -229900 -357300 -318800 -447300 -349300
 -342500 -329100 -278000 -276800 -290600 -312600 -324100 -276200 -292500
 -329500 -319900 -295600 -377100 -310400 -290500 -303800 -325300 -315800
 -361500 -261200 -352000 -348900 -317600 -294300 -378200 -290600 -345100
 -212100 -335200 -390400 -281400 -394700 -375600 -240200 -374800 -262000
 -376700 -366800 -282100 -357600 -312000 -324800 -239900 -214700 -284800
 -288700 -330500 -348900 -381000 -206300 -426700 -390000 -459400 -353800
 -231000 -302700 -273800 -304300 -281100 -317700 -290100 -334100 -366100
 -287300 -369900 -338200 -335900 -343500 -401500 -363800 -230000 -388700
 -397800 -366200 -351900 -298300 -332100 -239500 -330900 -288300 -328300
 -349800]",-457004.20000000007,-458801.05,-321464.0,53022.3358972424,1.0
16000,300,75000,1500000,1448900,686400,-762500,"[ -464600  -473900  -125600    21400    89300   212000  -357300  -311000
  -348800    57800 -1021300  -847900  -506300  -637300  -726100  -744900
  -926900  -334200  -941700  -573700  -558000  -689100  -116700  -769900
   -82500  -156200  -249700  -794400  -532200  -645600  -376900  -212900
   141700  -259400  -977300  -254600  -461600  -665300    36200  -703900
  -321200   -98500  -542100  -680900  -140500  -607300  -736300  -999100
  -205900 -1055600  -123500   124800  -950000 -1061800  -798600 -1084000
  -137100  -451700 -1069100  -978800  -564900  -540200  -581400   -41600
  -223100  -123500  -869400  -449900  -698900  -828700 -1055400  -490200
  -406100  -506200  -705700  -380200    33700  -701000  -656300  -340600
    26600  -951000 -1007000  -387100  -709500  -110600    -1400 -1138000
  -666700  -630100  -633000  -239100  -921900  -577000  -433800  -833000
  -808900   -17000  -401500  -496900]",-502730.0,340725.0799398248,-1127308.0,-1135327.0,0.91,"[-1321800 -1407200 -1491000 -1579900 -1545500 -1352100 -1264200 -1343400
 -1450900 -1474900 -1350100 -1446500 -1414500 -1571300 -1386900 -1246800
 -1513900 -1262100 -1403600 -1539500 -1359800 -1535000 -1510900 -1282900
 -1482100 -1504100 -1454400 -1298100 -1359600 -1487500 -1450100 -1641800
 -1247300 -1383300 -1155500 -1412100 -1405100 -1462600 -1370900 -1290200
 -1406300 -1536300 -1294800 -1525100 -1465500 -1396800 -1445900 -1335500
 -1593300 -1314000 -1434800 -1497300 -1405400 -1460100 -1387200 -1387200
 -1487500 -1362200 -1336500 -1335000 -1381400 -1331100 -1379900 -1314000
 -1396800 -1257600 -1196100 -1323700 -1425400 -1256900 -1533200 -1373600
 -1559200 -1386000 -1067000 -1493900 -1218800 -1423800 -1461900 -1509800
 -1218100 -1376300 -1630000 -1400700 -1365900 -1524500 -1381800 -1438000
 -1357700 -1561900 -1545000 -1331100 -1148800 -1315100 -1654800 -1582800
 -1405500 -1409000 -1485400 -1406200]",-1652226.0,-1654156.5,-1406948.0,111094.28201307212,1.0,"[-776000 -653200 -607800 -531200 -807300 -626200 -624200 -788200 -661700
 -615400 -735000 -575900 -727700 -714600 -682600 -742800 -719000 -551400
 -821400 -515800 -733900 -643200 -684400 -748700 -774200 -882500 -829700
 -686700 -659800 -750100 -650800 -789500 -810800 -658500 -733000 -677500
 -690000 -735400 -688800 -619200 -728400 -744600 -514700 -728100 -421400
 -571100 -518800 -664600 -694800 -754500 -623800 -689700 -714400 -560300
 -846800 -682200 -717800 -390700 -607700 -715300 -670600 -658700 -590300
 -554900 -762800 -785100 -685100 -822700 -688100 -586300 -572000 -568400
 -682600 -788900 -606600 -766900 -666800 -592700 -699600 -813800 -785500
 -747700 -607300 -649400 -542200 -710500 -753600 -612300 -647300 -633600
 -682800 -731600 -605600 -710500 -697700 -632900 -765700 -525500 -787100
 -728400]",-875431.4,-880732.85,-679339.0,91215.10170470677,1.0
